name,x,y
mil_park,41.884566,-87.622151
aquarium,41.866666,-87.614027
wash_lib,41.875741,-87.628194
