name,x,y
medici,41.791455,-87.593781
msi,41.791655,-87.582974
whole_foods,41.802080,-87.587849
