name,x,y
chicago_theater,41.885343,-87.627911
lincoln_park_zoo,41.921860,-87.635709
second_city,41.911518,-87.634719
