name,x,y
msi,41.791654,-87.582967
reg,41.791942, -87.599736
ti,41.795269, -87.588600
lgn_ctr,41.785882, -87.603242
p_point,41.795701, -87.578614
